{"timestamp": "2025-11-17T16:43:20.071679Z", "alert_type": "wireless", "attack_type": "wesside_ng", "severity": "critical", "src_mac": "1a:50:72:f8:68:82", "src_vendor": null, "dst_mac": "01:00:5e:00:00:fb", "dst_vendor": "IPv4 DoD Internet Multicast", "bssid": "ee:1c:42:e6:af:3d", "bssid_vendor": null, "ssid": null, "channel": null, "signal_strength": -56, "frame_count": 5, "attack_signature": "WESSIDE_NG", "details": "Wesside-NG attack detected: 5 multicast frames from 1a:50:72:f8:68:82 (automated WEP cracking)", "interface": "wlan0"}
{"timestamp": "2025-11-17T16:43:21.077017Z", "alert_type": "wireless", "attack_type": "tkiptun_ng", "severity": "high", "src_mac": "a2:16:2a:25:cb:0c", "src_vendor": null, "dst_mac": "1a:50:72:f8:68:82", "dst_vendor": null, "bssid": "1a:50:72:f8:68:82", "bssid_vendor": null, "ssid": null, "channel": null, "signal_strength": -40, "frame_count": 1, "attack_signature": "TKIPTUN_NG", "details": "TKIPTUN-NG attack detected: Suspicious QoS data pattern on TKIP network", "interface": "wlan0"}
{"timestamp": "2025-11-17T16:43:21.085534Z", "alert_type": "wireless", "attack_type": "beacon_flood", "severity": "high", "src_mac": "1c:d6:bd:de:b7:a9", "src_vendor": null, "dst_mac": null, "dst_vendor": null, "bssid": "1c:d6:bd:de:b7:a9", "bssid_vendor": null, "ssid": "SmartPlug-b7a9", "channel": 6, "signal_strength": -76, "frame_count": 21, "attack_signature": "MDK3_BEACON_FLOOD", "details": "Beacon flooding detected (MDK3): 21 beacons in 2s from 1c:d6:bd:de:b7:a9 (normal ~10)", "interface": "wlan0"}
{"timestamp": "2025-11-17T16:43:23.093813Z", "alert_type": "wireless", "attack_type": "wesside_ng", "severity": "critical", "src_mac": "1a:50:72:f8:68:82", "src_vendor": null, "dst_mac": "01:00:5e:7f:ff:fa", "dst_vendor": "IPv4 DoD Internet Multicast", "bssid": "76:37:5f:62:31:3a", "bssid_vendor": null, "ssid": null, "channel": null, "signal_strength": -56, "frame_count": 5, "attack_signature": "WESSIDE_NG", "details": "Wesside-NG attack detected: 5 multicast frames from 1a:50:72:f8:68:82 (automated WEP cracking)", "interface": "wlan0"}
{"timestamp": "2025-11-17T16:43:50.994438Z", "alert_type": "wireless", "attack_type": "wesside_ng", "severity": "critical", "src_mac": "1a:50:72:f8:68:82", "src_vendor": null, "dst_mac": "01:00:5e:00:00:fb", "dst_vendor": "IPv4 DoD Internet Multicast", "bssid": "ee:1c:42:e6:af:3d", "bssid_vendor": null, "ssid": null, "channel": null, "signal_strength": -54, "frame_count": 5, "attack_signature": "WESSIDE_NG", "details": "Wesside-NG attack detected: 5 multicast frames from 1a:50:72:f8:68:82 (automated WEP cracking)", "interface": "wlan0"}
{"timestamp": "2025-11-17T16:43:53.945861Z", "alert_type": "wireless", "attack_type": "wesside_ng", "severity": "critical", "src_mac": "1a:50:72:f8:68:82", "src_vendor": null, "dst_mac": "01:00:5e:7f:ff:fa", "dst_vendor": "IPv4 DoD Internet Multicast", "bssid": "76:37:5f:62:31:3a", "bssid_vendor": null, "ssid": null, "channel": null, "signal_strength": -54, "frame_count": 5, "attack_signature": "WESSIDE_NG", "details": "Wesside-NG attack detected: 5 multicast frames from 1a:50:72:f8:68:82 (automated WEP cracking)", "interface": "wlan0"}
{"timestamp": "2025-11-17T16:44:11.797315Z", "alert_type": "wireless", "attack_type": "tkiptun_ng", "severity": "high", "src_mac": "a2:16:2a:25:cb:0c", "src_vendor": null, "dst_mac": "1a:50:72:f8:68:82", "dst_vendor": null, "bssid": "1a:50:72:f8:68:82", "bssid_vendor": null, "ssid": null, "channel": null, "signal_strength": -32, "frame_count": 1, "attack_signature": "TKIPTUN_NG", "details": "TKIPTUN-NG attack detected: Suspicious QoS data pattern on TKIP network", "interface": "wlan0"}
{"timestamp": "2025-11-17T16:44:24.425389Z", "alert_type": "wireless", "attack_type": "wesside_ng", "severity": "critical", "src_mac": "1a:50:72:f8:68:82", "src_vendor": null, "dst_mac": "01:00:5e:7f:ff:fa", "dst_vendor": "IPv4 DoD Internet Multicast", "bssid": "76:37:5f:62:31:3a", "bssid_vendor": null, "ssid": null, "channel": null, "signal_strength": -58, "frame_count": 5, "attack_signature": "WESSIDE_NG", "details": "Wesside-NG attack detected: 5 multicast frames from 1a:50:72:f8:68:82 (automated WEP cracking)", "interface": "wlan0"}
{"timestamp": "2025-11-17T16:44:25.923200Z", "alert_type": "wireless", "attack_type": "evil_twin", "severity": "critical", "src_mac": "7e:37:5f:62:31:3c", "src_vendor": null, "dst_mac": null, "dst_vendor": null, "bssid": "7e:37:5f:62:31:3c", "bssid_vendor": null, "ssid": "Dhiman", "channel": 1, "signal_strength": -56, "frame_count": null, "attack_signature": "EVIL_TWIN", "details": "Evil twin detected: New BSSID 7e:37:5f:62:31:3c for SSID \"Dhiman\" (existing: 1a:50:72:f8:68:82)", "interface": "wlan0"}
{"timestamp": "2025-11-17T16:44:30.247906Z", "alert_type": "wireless", "attack_type": "evil_twin", "severity": "critical", "src_mac": "20:f3:75:31:f2:6b", "src_vendor": null, "dst_mac": null, "dst_vendor": null, "bssid": "20:f3:75:31:f2:6b", "bssid_vendor": null, "ssid": "SASKTEL428", "channel": 11, "signal_strength": -82, "frame_count": null, "attack_signature": "EVIL_TWIN", "details": "Evil twin detected: New BSSID 20:f3:75:31:f2:6b for SSID \"SASKTEL428\" (existing: c0:89:ab:9a:a0:c8)", "interface": "wlan0"}
{"timestamp": "2025-11-17T16:44:42.472921Z", "alert_type": "wireless", "attack_type": "wesside_ng", "severity": "critical", "src_mac": "4c:8b:30:72:7b:6f", "src_vendor": "Actiontec Electronics, Inc", "dst_mac": "01:00:5e:00:00:16", "dst_vendor": "IPv4 DoD Internet Multicast", "bssid": "98:0d:af:4a:bd:05", "bssid_vendor": null, "ssid": null, "channel": null, "signal_strength": -70, "frame_count": 5, "attack_signature": "WESSIDE_NG", "details": "Wesside-NG attack detected: 5 multicast frames from 4c:8b:30:72:7b:6f (automated WEP cracking)", "interface": "wlan0"}
{"timestamp": "2025-11-17T16:50:40.186512Z", "alert_type": "wireless", "attack_type": "beacon_flood", "severity": "high", "src_mac": "1c:d6:bd:de:b7:a9", "src_vendor": null, "dst_mac": null, "dst_vendor": null, "bssid": "1c:d6:bd:de:b7:a9", "bssid_vendor": null, "ssid": "SmartPlug-b7a9", "channel": 9, "signal_strength": -74, "frame_count": 21, "attack_signature": "MDK3_BEACON_FLOOD", "details": "Beacon flooding detected (MDK3): 21 beacons in 2s from 1c:d6:bd:de:b7:a9 (normal ~10)", "interface": "wlan0"}
{"timestamp": "2025-11-17T16:51:54.907997Z", "alert_type": "wireless", "attack_type": "evil_twin", "severity": "critical", "src_mac": "1a:50:72:f8:68:82", "src_vendor": null, "dst_mac": null, "dst_vendor": null, "bssid": "1a:50:72:f8:68:82", "bssid_vendor": null, "ssid": "Dhiman", "channel": 6, "signal_strength": -52, "frame_count": null, "attack_signature": "EVIL_TWIN", "details": "Evil twin detected: New BSSID 1a:50:72:f8:68:82 for SSID \"Dhiman\" (existing: 7e:37:5f:62:31:3c)", "interface": "wlan0"}
{"timestamp": "2025-11-17T16:51:57.159898Z", "alert_type": "wireless", "attack_type": "wesside_ng", "severity": "critical", "src_mac": "4c:8b:30:72:7b:6f", "src_vendor": "Actiontec Electronics, Inc", "dst_mac": "01:00:5e:7f:ff:fa", "dst_vendor": "IPv4 DoD Internet Multicast", "bssid": "98:0d:af:4a:bd:05", "bssid_vendor": null, "ssid": null, "channel": null, "signal_strength": -70, "frame_count": 5, "attack_signature": "WESSIDE_NG", "details": "Wesside-NG attack detected: 5 multicast frames from 4c:8b:30:72:7b:6f (automated WEP cracking)", "interface": "wlan0"}
{"timestamp": "2025-11-17T16:51:57.164678Z", "alert_type": "wireless", "attack_type": "wep_broadcast_data", "severity": "high", "src_mac": "4c:8b:30:72:7b:6f", "src_vendor": "Actiontec Electronics, Inc", "dst_mac": "ff:ff:ff:ff:ff:ff", "dst_vendor": "Broadcast", "bssid": "c0:89:ab:9a:a0:c0", "bssid_vendor": null, "ssid": null, "channel": null, "signal_strength": -70, "frame_count": 25, "attack_signature": "WEP_ATTACK", "details": "WEP attack detected: 25 broadcast data frames in 30s (possible ARP replay/injection)", "interface": "wlan0"}
{"timestamp": "2025-11-17T16:52:18.289533Z", "alert_type": "wireless", "attack_type": "wesside_ng", "severity": "critical", "src_mac": "4c:8b:30:72:7b:6f", "src_vendor": "Actiontec Electronics, Inc", "dst_mac": "01:00:5e:7f:ff:fa", "dst_vendor": "IPv4 DoD Internet Multicast", "bssid": "3c:2c:30:a2:9f:18", "bssid_vendor": null, "ssid": null, "channel": null, "signal_strength": -70, "frame_count": 5, "attack_signature": "WESSIDE_NG", "details": "Wesside-NG attack detected: 5 multicast frames from 4c:8b:30:72:7b:6f (automated WEP cracking)", "interface": "wlan0"}
{"timestamp": "2025-11-17T16:52:27.395566Z", "alert_type": "wireless", "attack_type": "tkiptun_ng", "severity": "high", "src_mac": "b8:3a:9d:7a:a1:ca", "src_vendor": null, "dst_mac": "50:a5:dc:9e:3a:e8", "dst_vendor": null, "bssid": "8c:19:b5:b2:5f:6d", "bssid_vendor": null, "ssid": null, "channel": null, "signal_strength": -80, "frame_count": 1, "attack_signature": "TKIPTUN_NG", "details": "TKIPTUN-NG attack detected: Suspicious QoS data pattern on TKIP network", "interface": "wlan0"}
{"timestamp": "2025-11-17T16:52:32.385677Z", "alert_type": "wireless", "attack_type": "wesside_ng", "severity": "critical", "src_mac": "4c:8b:30:72:7b:6f", "src_vendor": "Actiontec Electronics, Inc", "dst_mac": "01:00:5e:7f:ff:fa", "dst_vendor": "IPv4 DoD Internet Multicast", "bssid": "98:0d:af:4a:bd:05", "bssid_vendor": null, "ssid": null, "channel": null, "signal_strength": -70, "frame_count": 5, "attack_signature": "WESSIDE_NG", "details": "Wesside-NG attack detected: 5 multicast frames from 4c:8b:30:72:7b:6f (automated WEP cracking)", "interface": "wlan0"}
{"timestamp": "2025-11-17T17:27:19.042174Z", "alert_type": "wireless", "attack_type": "beacon_flood", "severity": "high", "src_mac": "1c:d6:bd:de:b7:a9", "src_vendor": null, "dst_mac": null, "dst_vendor": null, "bssid": "1c:d6:bd:de:b7:a9", "bssid_vendor": null, "ssid": "SmartPlug-b7a9", "channel": 5, "signal_strength": -74, "frame_count": 21, "attack_signature": "MDK3_BEACON_FLOOD", "details": "Beacon flooding detected (MDK3): 21 beacons in 2s from 1c:d6:bd:de:b7:a9 (normal ~10)", "interface": "wlan0"}
{"timestamp": "2025-11-17T17:28:47.975289Z", "alert_type": "wireless", "attack_type": "evil_twin", "severity": "critical", "src_mac": "1a:50:72:f8:68:82", "src_vendor": null, "dst_mac": null, "dst_vendor": null, "bssid": "1a:50:72:f8:68:82", "bssid_vendor": null, "ssid": "Dhiman", "channel": 6, "signal_strength": -54, "frame_count": null, "attack_signature": "EVIL_TWIN", "details": "Evil twin detected: New BSSID 1a:50:72:f8:68:82 for SSID \"Dhiman\" (existing: 7e:37:5f:62:31:3c)", "interface": "wlan0"}
{"timestamp": "2025-11-17T17:30:43.372973Z", "alert_type": "wireless", "attack_type": "probe_flood", "severity": "medium", "src_mac": "00:11:22:33:44:55", "src_vendor": "CIMSYS Inc", "dst_mac": null, "dst_vendor": null, "bssid": null, "bssid_vendor": null, "ssid": "TestNetwork", "channel": null, "signal_strength": null, "frame_count": 50, "attack_signature": null, "details": "Probe request flood: 50 probes in 60s from 00:11:22:33:44:55 (SSIDs: TestNetwork)", "interface": "wlan0"}
{"timestamp": "2025-11-17T17:32:14.026957Z", "alert_type": "wireless", "attack_type": "probe_flood", "severity": "medium", "src_mac": "00:11:22:33:44:55", "src_vendor": "CIMSYS Inc", "dst_mac": null, "dst_vendor": null, "bssid": null, "bssid_vendor": null, "ssid": "TestNetwork", "channel": null, "signal_strength": null, "frame_count": 50, "attack_signature": null, "details": "Probe request flood: 50 probes in 60s from 00:11:22:33:44:55 (SSIDs: TestNetwork)", "interface": "wlan0"}
{"timestamp": "2025-11-17T17:36:18.257942Z", "alert_type": "wireless", "attack_type": "deauth_flood", "severity": "high", "src_mac": "7e:37:5f:62:31:3c", "src_vendor": null, "dst_mac": "ff:ff:ff:ff:ff:ff", "dst_vendor": "Broadcast", "bssid": "7e:37:5f:62:31:3c", "bssid_vendor": null, "ssid": null, "channel": null, "signal_strength": null, "frame_count": 10, "attack_signature": "WPA_HANDSHAKE_ATTACK", "details": "Deauthentication flood detected: 10 frames in 5s from 7e:37:5f:62:31:3c (possible WPA handshake capture attempt)", "interface": "wlan0"}
{"timestamp": "2025-11-17T17:36:37.113667Z", "alert_type": "wireless", "attack_type": "wep_broadcast_data", "severity": "high", "src_mac": "4c:8b:30:72:7b:6f", "src_vendor": "Actiontec Electronics, Inc", "dst_mac": "ff:ff:ff:ff:ff:ff", "dst_vendor": "Broadcast", "bssid": "c0:89:ab:9a:a0:c0", "bssid_vendor": null, "ssid": null, "channel": null, "signal_strength": -74, "frame_count": 25, "attack_signature": "WEP_ATTACK", "details": "WEP attack detected: 25 broadcast data frames in 30s (possible ARP replay/injection)", "interface": "wlan0"}
{"timestamp": "2025-11-17T17:48:27.174520Z", "alert_type": "wireless", "attack_type": "wep_broadcast_data", "severity": "high", "src_mac": "4c:8b:30:72:7b:6f", "src_vendor": "Actiontec Electronics, Inc", "dst_mac": "ff:ff:ff:ff:ff:ff", "dst_vendor": "Broadcast", "bssid": "20:f3:75:31:f2:6a", "bssid_vendor": null, "ssid": null, "channel": null, "signal_strength": -70, "frame_count": 25, "attack_signature": "WEP_ATTACK", "details": "WEP attack detected: 25 broadcast data frames in 30s (possible ARP replay/injection)", "interface": "wlan0"}
{"timestamp": "2025-11-17T17:50:27.106082Z", "alert_type": "wireless", "attack_type": "wep_broadcast_data", "severity": "high", "src_mac": "4c:8b:30:72:7b:6f", "src_vendor": "Actiontec Electronics, Inc", "dst_mac": "ff:ff:ff:ff:ff:ff", "dst_vendor": "Broadcast", "bssid": "20:f3:75:31:f2:6a", "bssid_vendor": null, "ssid": null, "channel": null, "signal_strength": -72, "frame_count": 35, "attack_signature": "WEP_ATTACK", "details": "WEP attack detected: 35 broadcast data frames in 30s (possible ARP replay/injection)", "interface": "wlan0"}
{"timestamp": "2025-11-17T17:59:38.275069Z", "alert_type": "wireless", "attack_type": "deauth_flood", "severity": "high", "src_mac": "7e:37:5f:62:31:3c", "src_vendor": null, "dst_mac": "ff:ff:ff:ff:ff:ff", "dst_vendor": "Broadcast", "bssid": "7e:37:5f:62:31:3c", "bssid_vendor": null, "ssid": null, "channel": null, "signal_strength": null, "frame_count": 10, "attack_signature": "WPA_HANDSHAKE_ATTACK", "details": "Deauthentication flood detected: 10 frames in 5s from 7e:37:5f:62:31:3c (possible WPA handshake capture attempt)", "interface": "wlan0"}
{"timestamp": "2025-11-21T22:45:53.047642Z", "alert_type": "wireless", "attack_type": "evil_twin_dual_signal", "severity": "critical", "src_mac": null, "src_vendor": null, "dst_mac": null, "dst_vendor": null, "bssid": "d8:50:e6:5f:97:2c", "bssid_vendor": "ASUSTek COMPUTER INC.", "ssid": "ASUS", "channel": 1, "signal_strength": -78, "frame_count": null, "attack_signature": "DUAL_SIGNAL_PATTERN", "details": "Multiple devices detected: BSSID d8:50:e6:5f:97:2c showing signals ranging from -100 to -78 dBm (\u039422 dBm) within 30s. Strong evidence of evil twin attack.", "interface": "wlan0mon", "signal_range": 22, "min_signal": -100, "max_signal": -78}
{"timestamp": "2025-11-21T22:46:38.680772Z", "alert_type": "wireless", "attack_type": "beacon_flood", "severity": "high", "src_mac": "7e:50:79:e5:fd:9e", "src_vendor": null, "dst_mac": null, "dst_vendor": null, "bssid": "7e:50:79:e5:fd:9e", "bssid_vendor": null, "ssid": "HomeNet", "channel": null, "signal_strength": null, "frame_count": 31, "attack_signature": "MDK3_BEACON_FLOOD", "details": "Beacon flooding detected (MDK3): 31 beacons in 2s from 7e:50:79:e5:fd:9e (normal ~10)", "interface": "wlan0mon"}
{"timestamp": "2025-11-21T22:46:55.533653Z", "alert_type": "wireless", "attack_type": "evil_twin_dual_signal", "severity": "critical", "src_mac": null, "src_vendor": null, "dst_mac": null, "dst_vendor": null, "bssid": "d8:50:e6:5f:97:2c", "bssid_vendor": "ASUSTek COMPUTER INC.", "ssid": "ASUS", "channel": 5, "signal_strength": -76, "frame_count": null, "attack_signature": "DUAL_SIGNAL_PATTERN", "details": "Multiple devices detected: BSSID d8:50:e6:5f:97:2c showing signals ranging from -100 to -76 dBm (\u039424 dBm) within 30s. Strong evidence of evil twin attack.", "interface": "wlan0mon", "signal_range": 24, "min_signal": -100, "max_signal": -76}
{"timestamp": "2025-11-21T22:47:02.200302Z", "alert_type": "wireless", "attack_type": "ap_location_change", "severity": "high", "src_mac": null, "src_vendor": null, "dst_mac": null, "dst_vendor": null, "bssid": "7e:50:79:e5:fd:9e", "bssid_vendor": null, "ssid": "HomeNet", "channel": 1, "signal_strength": -100, "frame_count": null, "attack_signature": "PHYSICAL_LAYER_ANOMALY", "details": "AP location change detected: Signal dropped from -74.2 dBm to -100 dBm (-25.8 dBm). Device may have moved or been replaced.", "interface": "wlan0mon", "baseline": -74.2, "deviation": 25.799999999999997, "expected_range": null}
{"timestamp": "2025-11-21T22:48:26.914493Z", "alert_type": "wireless", "attack_type": "evil_twin_dual_signal", "severity": "critical", "src_mac": null, "src_vendor": null, "dst_mac": null, "dst_vendor": null, "bssid": "d8:50:e6:5f:97:2c", "bssid_vendor": "ASUSTek COMPUTER INC.", "ssid": "ASUS", "channel": 1, "signal_strength": -76, "frame_count": null, "attack_signature": "DUAL_SIGNAL_PATTERN", "details": "Multiple devices detected: BSSID d8:50:e6:5f:97:2c showing signals ranging from -100 to -76 dBm (\u039424 dBm) within 30s. Strong evidence of evil twin attack.", "interface": "wlan0mon", "signal_range": 24, "min_signal": -100, "max_signal": -76}
{"timestamp": "2025-11-21T22:48:28.872144Z", "alert_type": "wireless", "attack_type": "beacon_flood", "severity": "high", "src_mac": "7e:50:79:e5:fd:9e", "src_vendor": null, "dst_mac": null, "dst_vendor": null, "bssid": "7e:50:79:e5:fd:9e", "bssid_vendor": null, "ssid": "HomeNet", "channel": null, "signal_strength": null, "frame_count": 31, "attack_signature": "MDK3_BEACON_FLOOD", "details": "Beacon flooding detected (MDK3): 31 beacons in 2s from 7e:50:79:e5:fd:9e (normal ~10)", "interface": "wlan0mon"}
{"timestamp": "2025-11-21T22:49:06.196399Z", "alert_type": "wireless", "attack_type": "ap_location_change", "severity": "high", "src_mac": null, "src_vendor": null, "dst_mac": null, "dst_vendor": null, "bssid": "7e:50:79:e5:fd:9e", "bssid_vendor": null, "ssid": "HomeNet", "channel": 6, "signal_strength": -98, "frame_count": null, "attack_signature": "PHYSICAL_LAYER_ANOMALY", "details": "AP location change detected: Signal dropped from -74.2 dBm to -98 dBm (-23.8 dBm). Device may have moved or been replaced.", "interface": "wlan0mon", "baseline": -74.2, "deviation": 23.799999999999997, "expected_range": null}
{"timestamp": "2025-11-21T22:50:08.468737Z", "alert_type": "wireless", "attack_type": "ap_location_change", "severity": "high", "src_mac": null, "src_vendor": null, "dst_mac": null, "dst_vendor": null, "bssid": "7e:50:79:e5:fd:9e", "bssid_vendor": null, "ssid": "HomeNet", "channel": 1, "signal_strength": -100, "frame_count": null, "attack_signature": "PHYSICAL_LAYER_ANOMALY", "details": "AP location change detected: Signal dropped from -74.2 dBm to -100 dBm (-25.8 dBm). Device may have moved or been replaced.", "interface": "wlan0mon", "baseline": -74.2, "deviation": 25.799999999999997, "expected_range": null}
{"timestamp": "2025-11-21T22:54:43.591919Z", "alert_type": "wireless", "attack_type": "ap_location_change", "severity": "high", "src_mac": null, "src_vendor": null, "dst_mac": null, "dst_vendor": null, "bssid": "7e:50:79:e5:fd:9e", "bssid_vendor": null, "ssid": "HomeNet", "channel": 6, "signal_strength": -96, "frame_count": null, "attack_signature": "PHYSICAL_LAYER_ANOMALY", "details": "AP location change detected: Signal dropped from -74.2 dBm to -96 dBm (-21.8 dBm). Device may have moved or been replaced.", "interface": "wlan0mon", "baseline": -74.2, "deviation": 21.799999999999997, "expected_range": null}
{"timestamp": "2025-11-21T22:56:24.837778Z", "alert_type": "wireless", "attack_type": "ap_location_change", "severity": "high", "src_mac": null, "src_vendor": null, "dst_mac": null, "dst_vendor": null, "bssid": "7e:50:79:e5:fd:9e", "bssid_vendor": null, "ssid": "HomeNet", "channel": 1, "signal_strength": -96, "frame_count": null, "attack_signature": "PHYSICAL_LAYER_ANOMALY", "details": "AP location change detected: Signal dropped from -74.2 dBm to -96 dBm (-21.8 dBm). Device may have moved or been replaced.", "interface": "wlan0mon", "baseline": -74.2, "deviation": 21.799999999999997, "expected_range": null}
{"timestamp": "2025-11-21T22:57:32.551991Z", "alert_type": "wireless", "attack_type": "ap_location_change", "severity": "high", "src_mac": null, "src_vendor": null, "dst_mac": null, "dst_vendor": null, "bssid": "7e:50:79:e5:fd:9e", "bssid_vendor": null, "ssid": "HomeNet", "channel": 6, "signal_strength": -96, "frame_count": null, "attack_signature": "PHYSICAL_LAYER_ANOMALY", "details": "AP location change detected: Signal dropped from -74.2 dBm to -96 dBm (-21.8 dBm). Device may have moved or been replaced.", "interface": "wlan0mon", "baseline": -74.2, "deviation": 21.799999999999997, "expected_range": null}
{"timestamp": "2025-11-21T22:58:40.215211Z", "alert_type": "wireless", "attack_type": "ap_location_change", "severity": "high", "src_mac": null, "src_vendor": null, "dst_mac": null, "dst_vendor": null, "bssid": "7e:50:79:e5:fd:9e", "bssid_vendor": null, "ssid": "HomeNet", "channel": 6, "signal_strength": -96, "frame_count": null, "attack_signature": "PHYSICAL_LAYER_ANOMALY", "details": "AP location change detected: Signal dropped from -74.2 dBm to -96 dBm (-21.8 dBm). Device may have moved or been replaced.", "interface": "wlan0mon", "baseline": -74.2, "deviation": 21.799999999999997, "expected_range": null}
{"timestamp": "2025-11-21T23:03:10.978453Z", "alert_type": "wireless", "attack_type": "ap_location_change", "severity": "high", "src_mac": null, "src_vendor": null, "dst_mac": null, "dst_vendor": null, "bssid": "7e:50:79:e5:fd:9e", "bssid_vendor": null, "ssid": "HomeNet", "channel": 1, "signal_strength": -96, "frame_count": null, "attack_signature": "PHYSICAL_LAYER_ANOMALY", "details": "AP location change detected: Signal dropped from -74.2 dBm to -96 dBm (-21.8 dBm). Device may have moved or been replaced.", "interface": "wlan0mon", "baseline": -74.2, "deviation": 21.799999999999997, "expected_range": null}
{"timestamp": "2025-11-21T23:04:41.400101Z", "alert_type": "wireless", "attack_type": "probe_flood", "severity": "medium", "src_mac": "10:68:38:8d:15:59", "src_vendor": null, "dst_mac": null, "dst_vendor": null, "bssid": null, "bssid_vendor": null, "ssid": "eduroam", "channel": null, "signal_strength": -94, "frame_count": 50, "attack_signature": null, "details": "Probe request flood: 50 probes in 60s from 10:68:38:8d:15:59 (SSIDs: eduroam)", "interface": "wlan0mon"}
{"timestamp": "2025-11-21T23:05:12.853581Z", "alert_type": "wireless", "attack_type": "ap_location_change", "severity": "high", "src_mac": null, "src_vendor": null, "dst_mac": null, "dst_vendor": null, "bssid": "7e:50:79:e5:fd:9e", "bssid_vendor": null, "ssid": "HomeNet", "channel": 6, "signal_strength": -98, "frame_count": null, "attack_signature": "PHYSICAL_LAYER_ANOMALY", "details": "AP location change detected: Signal dropped from -74.2 dBm to -98 dBm (-23.8 dBm). Device may have moved or been replaced.", "interface": "wlan0mon", "baseline": -74.2, "deviation": 23.799999999999997, "expected_range": null}
{"timestamp": "2025-11-21T23:05:24.674404Z", "alert_type": "wireless", "attack_type": "probe_flood", "severity": "medium", "src_mac": "10:68:38:8d:15:59", "src_vendor": null, "dst_mac": null, "dst_vendor": null, "bssid": null, "bssid_vendor": null, "ssid": "eduroam", "channel": null, "signal_strength": -88, "frame_count": 50, "attack_signature": null, "details": "Probe request flood: 50 probes in 60s from 10:68:38:8d:15:59 (SSIDs: eduroam)", "interface": "wlan0mon"}
{"timestamp": "2025-11-21T23:07:15.043893Z", "alert_type": "wireless", "attack_type": "probe_flood", "severity": "medium", "src_mac": "10:68:38:8d:15:59", "src_vendor": null, "dst_mac": null, "dst_vendor": null, "bssid": null, "bssid_vendor": null, "ssid": "eduroam", "channel": null, "signal_strength": -94, "frame_count": 50, "attack_signature": null, "details": "Probe request flood: 50 probes in 60s from 10:68:38:8d:15:59 (SSIDs: eduroam)", "interface": "wlan0mon"}
{"timestamp": "2025-11-21T23:07:15.144229Z", "alert_type": "wireless", "attack_type": "wps_bruteforce", "severity": "high", "src_mac": "10:68:38:8d:15:59", "src_vendor": null, "dst_mac": "24:d7:9c:34:8d:83", "dst_vendor": null, "bssid": "24:d7:9c:34:8d:83", "bssid_vendor": null, "ssid": null, "channel": null, "signal_strength": -92, "frame_count": 2, "attack_signature": "WPS_PIN_ATTACK", "details": "WPS brute force detected: 2 EAP exchanges in 60s (Reaver/Bully attack)", "interface": "wlan0mon"}
{"timestamp": "2025-11-21T23:07:48.357414Z", "alert_type": "wireless", "attack_type": "probe_flood", "severity": "medium", "src_mac": "10:68:38:8d:15:59", "src_vendor": null, "dst_mac": null, "dst_vendor": null, "bssid": null, "bssid_vendor": null, "ssid": "eduroam", "channel": null, "signal_strength": -90, "frame_count": 50, "attack_signature": null, "details": "Probe request flood: 50 probes in 60s from 10:68:38:8d:15:59 (SSIDs: eduroam)", "interface": "wlan0mon"}
{"timestamp": "2025-11-21T23:09:52.217108Z", "alert_type": "wireless", "attack_type": "probe_flood", "severity": "medium", "src_mac": "10:68:38:8d:15:59", "src_vendor": null, "dst_mac": null, "dst_vendor": null, "bssid": null, "bssid_vendor": null, "ssid": "eduroam", "channel": null, "signal_strength": -90, "frame_count": 100, "attack_signature": null, "details": "Probe request flood: 100 probes in 60s from 10:68:38:8d:15:59 (SSIDs: eduroam)", "interface": "wlan0mon"}
{"timestamp": "2025-11-21T23:09:57.447722Z", "alert_type": "wireless", "attack_type": "evil_twin_dual_signal", "severity": "critical", "src_mac": null, "src_vendor": null, "dst_mac": null, "dst_vendor": null, "bssid": "d8:50:e6:5f:97:2c", "bssid_vendor": "ASUSTek COMPUTER INC.", "ssid": "ASUS", "channel": 1, "signal_strength": -78, "frame_count": null, "attack_signature": "DUAL_SIGNAL_PATTERN", "details": "Multiple devices detected: BSSID d8:50:e6:5f:97:2c showing signals ranging from -100 to -78 dBm (\u039422 dBm) within 30s. Strong evidence of evil twin attack.", "interface": "wlan0mon", "signal_range": 22, "min_signal": -100, "max_signal": -78}
{"timestamp": "2025-11-21T23:10:38.050567Z", "alert_type": "wireless", "attack_type": "probe_flood", "severity": "medium", "src_mac": "10:68:38:8d:15:59", "src_vendor": null, "dst_mac": null, "dst_vendor": null, "bssid": null, "bssid_vendor": null, "ssid": "eduroam", "channel": null, "signal_strength": -92, "frame_count": 100, "attack_signature": null, "details": "Probe request flood: 100 probes in 60s from 10:68:38:8d:15:59 (SSIDs: eduroam)", "interface": "wlan0mon"}
{"timestamp": "2025-11-21T23:11:17.540104Z", "alert_type": "wireless", "attack_type": "probe_flood", "severity": "medium", "src_mac": "10:68:38:8d:15:59", "src_vendor": null, "dst_mac": null, "dst_vendor": null, "bssid": null, "bssid_vendor": null, "ssid": "eduroam", "channel": null, "signal_strength": -90, "frame_count": 100, "attack_signature": null, "details": "Probe request flood: 100 probes in 60s from 10:68:38:8d:15:59 (SSIDs: eduroam)", "interface": "wlan0mon"}
{"timestamp": "2025-11-21T23:11:33.038648Z", "alert_type": "wireless", "attack_type": "evil_twin_dual_signal", "severity": "critical", "src_mac": null, "src_vendor": null, "dst_mac": null, "dst_vendor": null, "bssid": "d8:50:e6:5f:97:2c", "bssid_vendor": "ASUSTek COMPUTER INC.", "ssid": "ASUS", "channel": 6, "signal_strength": -76, "frame_count": null, "attack_signature": "DUAL_SIGNAL_PATTERN", "details": "Multiple devices detected: BSSID d8:50:e6:5f:97:2c showing signals ranging from -100 to -76 dBm (\u039424 dBm) within 30s. Strong evidence of evil twin attack.", "interface": "wlan0mon", "signal_range": 24, "min_signal": -100, "max_signal": -76}
{"timestamp": "2025-11-21T23:12:01.067247Z", "alert_type": "wireless", "attack_type": "probe_flood", "severity": "medium", "src_mac": "10:68:38:8d:15:59", "src_vendor": null, "dst_mac": null, "dst_vendor": null, "bssid": null, "bssid_vendor": null, "ssid": "eduroam", "channel": null, "signal_strength": -94, "frame_count": 100, "attack_signature": null, "details": "Probe request flood: 100 probes in 60s from 10:68:38:8d:15:59 (SSIDs: eduroam)", "interface": "wlan0mon"}
{"timestamp": "2025-11-21T23:12:40.060746Z", "alert_type": "wireless", "attack_type": "probe_flood", "severity": "medium", "src_mac": "10:68:38:8d:15:59", "src_vendor": null, "dst_mac": null, "dst_vendor": null, "bssid": null, "bssid_vendor": null, "ssid": "eduroam", "channel": null, "signal_strength": -94, "frame_count": 100, "attack_signature": null, "details": "Probe request flood: 100 probes in 60s from 10:68:38:8d:15:59 (SSIDs: eduroam)", "interface": "wlan0mon"}
{"timestamp": "2025-11-21T23:14:28.165250Z", "alert_type": "wireless", "attack_type": "evil_twin_dual_signal", "severity": "critical", "src_mac": null, "src_vendor": null, "dst_mac": null, "dst_vendor": null, "bssid": "d8:50:e6:5f:97:2c", "bssid_vendor": "ASUSTek COMPUTER INC.", "ssid": "ASUS", "channel": 7, "signal_strength": -78, "frame_count": null, "attack_signature": "DUAL_SIGNAL_PATTERN", "details": "Multiple devices detected: BSSID d8:50:e6:5f:97:2c showing signals ranging from -100 to -78 dBm (\u039422 dBm) within 30s. Strong evidence of evil twin attack.", "interface": "wlan0mon", "signal_range": 22, "min_signal": -100, "max_signal": -78}
{"timestamp": "2025-11-21T23:15:22.138492Z", "alert_type": "wireless", "attack_type": "probe_flood", "severity": "medium", "src_mac": "10:68:38:8d:15:59", "src_vendor": null, "dst_mac": null, "dst_vendor": null, "bssid": null, "bssid_vendor": null, "ssid": "eduroam", "channel": null, "signal_strength": -100, "frame_count": 100, "attack_signature": null, "details": "Probe request flood: 100 probes in 60s from 10:68:38:8d:15:59 (SSIDs: eduroam)", "interface": "wlan0mon"}
{"timestamp": "2025-11-21T23:15:35.591906Z", "alert_type": "wireless", "attack_type": "evil_twin_dual_signal", "severity": "critical", "src_mac": null, "src_vendor": null, "dst_mac": null, "dst_vendor": null, "bssid": "d8:50:e6:5f:97:2c", "bssid_vendor": "ASUSTek COMPUTER INC.", "ssid": "ASUS", "channel": 7, "signal_strength": -78, "frame_count": null, "attack_signature": "DUAL_SIGNAL_PATTERN", "details": "Multiple devices detected: BSSID d8:50:e6:5f:97:2c showing signals ranging from -100 to -78 dBm (\u039422 dBm) within 30s. Strong evidence of evil twin attack.", "interface": "wlan0mon", "signal_range": 22, "min_signal": -100, "max_signal": -78}
{"timestamp": "2025-11-21T23:17:38.498835Z", "alert_type": "wireless", "attack_type": "probe_flood", "severity": "medium", "src_mac": "10:68:38:8d:15:59", "src_vendor": null, "dst_mac": null, "dst_vendor": null, "bssid": null, "bssid_vendor": null, "ssid": "eduroam", "channel": null, "signal_strength": -100, "frame_count": 100, "attack_signature": null, "details": "Probe request flood: 100 probes in 60s from 10:68:38:8d:15:59 (SSIDs: eduroam)", "interface": "wlan0mon"}
{"timestamp": "2025-11-21T23:18:50.786517Z", "alert_type": "wireless", "attack_type": "probe_flood", "severity": "medium", "src_mac": "10:68:38:8d:15:59", "src_vendor": null, "dst_mac": null, "dst_vendor": null, "bssid": null, "bssid_vendor": null, "ssid": "eduroam", "channel": null, "signal_strength": -88, "frame_count": 100, "attack_signature": null, "details": "Probe request flood: 100 probes in 60s from 10:68:38:8d:15:59 (SSIDs: eduroam)", "interface": "wlan0mon"}
{"timestamp": "2025-11-21T23:19:41.634513Z", "alert_type": "wireless", "attack_type": "probe_flood", "severity": "medium", "src_mac": "10:68:38:8d:15:59", "src_vendor": null, "dst_mac": null, "dst_vendor": null, "bssid": null, "bssid_vendor": null, "ssid": "eduroam", "channel": null, "signal_strength": -88, "frame_count": 100, "attack_signature": null, "details": "Probe request flood: 100 probes in 60s from 10:68:38:8d:15:59 (SSIDs: eduroam)", "interface": "wlan0mon"}
{"timestamp": "2025-11-21T23:21:04.104024Z", "alert_type": "wireless", "attack_type": "probe_flood", "severity": "medium", "src_mac": "10:68:38:8d:15:59", "src_vendor": null, "dst_mac": null, "dst_vendor": null, "bssid": null, "bssid_vendor": null, "ssid": "eduroam", "channel": null, "signal_strength": -100, "frame_count": 100, "attack_signature": null, "details": "Probe request flood: 100 probes in 60s from 10:68:38:8d:15:59 (SSIDs: eduroam)", "interface": "wlan0mon"}
{"timestamp": "2025-11-21T23:43:52.069786Z", "alert_type": "wireless", "attack_type": "evil_twin_dual_signal", "severity": "critical", "src_mac": null, "src_vendor": null, "dst_mac": null, "dst_vendor": null, "bssid": "d8:50:e6:5f:97:2c", "bssid_vendor": "ASUSTek COMPUTER INC.", "ssid": "ASUS", "channel": 8, "signal_strength": -72, "frame_count": null, "attack_signature": "DUAL_SIGNAL_PATTERN", "details": "Multiple devices detected: BSSID d8:50:e6:5f:97:2c + SSID \"ASUS\" showing signals ranging from -98 to -72 dBm (\u039426 dBm) within 30s. Strong evidence of evil twin attack.", "interface": "wlan0mon", "signal_range": 26, "min_signal": -98, "max_signal": -72}
{"timestamp": "2025-11-21T23:55:28.194869Z", "alert_type": "wireless", "attack_type": "evil_twin_dual_signal", "severity": "critical", "src_mac": null, "src_vendor": null, "dst_mac": null, "dst_vendor": null, "bssid": "d8:50:e6:5f:97:2c", "bssid_vendor": "ASUSTek COMPUTER INC.", "ssid": "ASUS", "channel": 6, "signal_strength": -72, "frame_count": null, "attack_signature": "DUAL_SIGNAL_PATTERN", "details": "Multiple devices detected: BSSID d8:50:e6:5f:97:2c + SSID \"ASUS\" showing signals ranging from -98 to -72 dBm (\u039426 dBm) within 30s. Strong evidence of evil twin attack.", "interface": "wlan0mon", "signal_range": 26, "min_signal": -98, "max_signal": -72}
{"timestamp": "2025-11-21T23:57:03.899619Z", "alert_type": "wireless", "attack_type": "evil_twin_dual_signal", "severity": "critical", "src_mac": null, "src_vendor": null, "dst_mac": null, "dst_vendor": null, "bssid": "d8:50:e6:5f:97:2c", "bssid_vendor": "ASUSTek COMPUTER INC.", "ssid": "ASUS", "channel": 6, "signal_strength": -76, "frame_count": null, "attack_signature": "DUAL_SIGNAL_PATTERN", "details": "Multiple devices detected: BSSID d8:50:e6:5f:97:2c + SSID \"ASUS\" showing signals ranging from -98 to -76 dBm (\u039422 dBm) within 30s. Strong evidence of evil twin attack.", "interface": "wlan0mon", "signal_range": 22, "min_signal": -98, "max_signal": -76}
{"timestamp": "2025-11-21T23:58:39.844526Z", "alert_type": "wireless", "attack_type": "evil_twin_dual_signal", "severity": "critical", "src_mac": null, "src_vendor": null, "dst_mac": null, "dst_vendor": null, "bssid": "d8:50:e6:5f:97:2c", "bssid_vendor": "ASUSTek COMPUTER INC.", "ssid": "ASUS", "channel": 6, "signal_strength": -76, "frame_count": null, "attack_signature": "DUAL_SIGNAL_PATTERN", "details": "Multiple devices detected: BSSID d8:50:e6:5f:97:2c + SSID \"ASUS\" showing signals ranging from -100 to -76 dBm (\u039424 dBm) within 30s. Strong evidence of evil twin attack.", "interface": "wlan0mon", "signal_range": 24, "min_signal": -100, "max_signal": -76}
{"timestamp": "2025-11-21T23:59:40.860388Z", "alert_type": "wireless", "attack_type": "evil_twin_dual_signal", "severity": "critical", "src_mac": null, "src_vendor": null, "dst_mac": null, "dst_vendor": null, "bssid": "d8:50:e6:5f:97:2c", "bssid_vendor": "ASUSTek COMPUTER INC.", "ssid": "ASUS", "channel": 4, "signal_strength": -76, "frame_count": null, "attack_signature": "DUAL_SIGNAL_PATTERN", "details": "Multiple devices detected: BSSID d8:50:e6:5f:97:2c + SSID \"ASUS\" showing signals ranging from -100 to -76 dBm (\u039424 dBm) within 30s. Strong evidence of evil twin attack.", "interface": "wlan0mon", "signal_range": 24, "min_signal": -100, "max_signal": -76}
{"timestamp": "2025-11-22T00:02:25.858644Z", "alert_type": "wireless", "attack_type": "evil_twin_dual_signal", "severity": "critical", "src_mac": null, "src_vendor": null, "dst_mac": null, "dst_vendor": null, "bssid": "d8:50:e6:5f:97:2c", "bssid_vendor": "ASUSTek COMPUTER INC.", "ssid": "ASUS", "channel": 6, "signal_strength": -76, "frame_count": null, "attack_signature": "DUAL_SIGNAL_PATTERN", "details": "Multiple devices detected: BSSID d8:50:e6:5f:97:2c + SSID \"ASUS\" showing signals ranging from -98 to -76 dBm (\u039422 dBm) within 30s. Strong evidence of evil twin attack.", "interface": "wlan0mon", "signal_range": 22, "min_signal": -98, "max_signal": -76}
{"timestamp": "2025-11-22T00:06:40.574211Z", "alert_type": "wireless", "attack_type": "evil_twin_dual_signal", "severity": "critical", "src_mac": null, "src_vendor": null, "dst_mac": null, "dst_vendor": null, "bssid": "d8:50:e6:5f:97:2c", "bssid_vendor": "ASUSTek COMPUTER INC.", "ssid": "ASUS", "channel": 6, "signal_strength": -74, "frame_count": null, "attack_signature": "DUAL_SIGNAL_PATTERN", "details": "Multiple devices detected: BSSID d8:50:e6:5f:97:2c + SSID \"ASUS\" showing signals ranging from -98 to -74 dBm (\u039424 dBm) within 30s. Strong evidence of evil twin attack.", "interface": "wlan0mon", "signal_range": 24, "min_signal": -98, "max_signal": -74}
{"timestamp": "2025-11-22T00:10:15.417338Z", "alert_type": "wireless", "attack_type": "wps_bruteforce", "severity": "high", "src_mac": "3c:21:9c:f7:5b:9d", "src_vendor": null, "dst_mac": "24:d7:9c:34:8d:83", "dst_vendor": null, "bssid": "24:d7:9c:34:8d:83", "bssid_vendor": null, "ssid": null, "channel": null, "signal_strength": -88, "frame_count": 2, "attack_signature": "WPS_PIN_ATTACK", "details": "WPS brute force detected: 2 EAP exchanges in 60s (Reaver/Bully attack)", "interface": "wlan0mon"}
{"timestamp": "2025-11-22T00:11:23.648111Z", "alert_type": "wireless", "attack_type": "evil_twin_dual_signal", "severity": "critical", "src_mac": null, "src_vendor": null, "dst_mac": null, "dst_vendor": null, "bssid": "d8:50:e6:5f:97:2c", "bssid_vendor": "ASUSTek COMPUTER INC.", "ssid": "ASUS", "channel": 6, "signal_strength": -76, "frame_count": null, "attack_signature": "DUAL_SIGNAL_PATTERN", "details": "Multiple devices detected: BSSID d8:50:e6:5f:97:2c + SSID \"ASUS\" showing signals ranging from -100 to -76 dBm (\u039424 dBm) within 30s. Strong evidence of evil twin attack.", "interface": "wlan0mon", "signal_range": 24, "min_signal": -100, "max_signal": -76}
{"timestamp": "2025-11-22T00:18:47.509178Z", "alert_type": "wireless", "attack_type": "evil_twin_dual_signal", "severity": "critical", "src_mac": null, "src_vendor": null, "dst_mac": null, "dst_vendor": null, "bssid": "d8:50:e6:5f:97:2c", "bssid_vendor": "ASUSTek COMPUTER INC.", "ssid": "ASUS", "channel": 1, "signal_strength": -78, "frame_count": null, "attack_signature": "DUAL_SIGNAL_PATTERN", "details": "Multiple devices detected: BSSID d8:50:e6:5f:97:2c + SSID \"ASUS\" showing signals ranging from -100 to -78 dBm (\u039422 dBm) within 30s. Strong evidence of evil twin attack.", "interface": "wlan0mon", "signal_range": 22, "min_signal": -100, "max_signal": -78}
{"timestamp": "2025-11-22T00:21:01.963050Z", "alert_type": "wireless", "attack_type": "evil_twin_dual_signal", "severity": "critical", "src_mac": null, "src_vendor": null, "dst_mac": null, "dst_vendor": null, "bssid": "d8:50:e6:5f:97:2c", "bssid_vendor": "ASUSTek COMPUTER INC.", "ssid": "ASUS", "channel": 6, "signal_strength": -78, "frame_count": null, "attack_signature": "DUAL_SIGNAL_PATTERN", "details": "Multiple devices detected: BSSID d8:50:e6:5f:97:2c + SSID \"ASUS\" showing signals ranging from -100 to -78 dBm (\u039422 dBm) within 30s. Strong evidence of evil twin attack.", "interface": "wlan0mon", "signal_range": 22, "min_signal": -100, "max_signal": -78}
{"timestamp": "2025-11-22T00:22:32.492797Z", "alert_type": "wireless", "attack_type": "evil_twin_dual_signal", "severity": "critical", "src_mac": null, "src_vendor": null, "dst_mac": null, "dst_vendor": null, "bssid": "d8:50:e6:5f:97:2c", "bssid_vendor": "ASUSTek COMPUTER INC.", "ssid": "ASUS", "channel": 6, "signal_strength": -78, "frame_count": null, "attack_signature": "DUAL_SIGNAL_PATTERN", "details": "Multiple devices detected: BSSID d8:50:e6:5f:97:2c + SSID \"ASUS\" showing signals ranging from -100 to -78 dBm (\u039422 dBm) within 30s. Strong evidence of evil twin attack.", "interface": "wlan0mon", "signal_range": 22, "min_signal": -100, "max_signal": -78}
{"timestamp": "2025-11-22T00:23:33.383961Z", "alert_type": "wireless", "attack_type": "evil_twin_dual_signal", "severity": "critical", "src_mac": null, "src_vendor": null, "dst_mac": null, "dst_vendor": null, "bssid": "d8:50:e6:5f:97:2c", "bssid_vendor": "ASUSTek COMPUTER INC.", "ssid": "ASUS", "channel": 4, "signal_strength": -78, "frame_count": null, "attack_signature": "DUAL_SIGNAL_PATTERN", "details": "Multiple devices detected: BSSID d8:50:e6:5f:97:2c + SSID \"ASUS\" showing signals ranging from -100 to -78 dBm (\u039422 dBm) within 30s. Strong evidence of evil twin attack.", "interface": "wlan0mon", "signal_range": 22, "min_signal": -100, "max_signal": -78}
{"timestamp": "2025-11-22T00:52:21.667945Z", "alert_type": "wireless", "attack_type": "evil_twin_dual_signal", "severity": "critical", "src_mac": null, "src_vendor": null, "dst_mac": null, "dst_vendor": null, "bssid": "d8:50:e6:5f:97:2c", "bssid_vendor": "ASUSTek COMPUTER INC.", "ssid": "ASUS", "channel": 1, "signal_strength": -74, "frame_count": null, "attack_signature": "DUAL_SIGNAL_PATTERN", "details": "Multiple devices detected: BSSID d8:50:e6:5f:97:2c + SSID \"ASUS\" showing signals ranging from -98 to -74 dBm (\u039424 dBm) within 30s. Strong evidence of evil twin attack.", "interface": "wlan0mon", "signal_range": 24, "min_signal": -98, "max_signal": -74}
{"timestamp": "2025-11-22T00:54:18.188187Z", "alert_type": "wireless", "attack_type": "evil_twin_dual_signal", "severity": "critical", "src_mac": null, "src_vendor": null, "dst_mac": null, "dst_vendor": null, "bssid": "d8:50:e6:5f:97:2c", "bssid_vendor": "ASUSTek COMPUTER INC.", "ssid": "ASUS", "channel": 1, "signal_strength": -74, "frame_count": null, "attack_signature": "DUAL_SIGNAL_PATTERN", "details": "Multiple devices detected: BSSID d8:50:e6:5f:97:2c + SSID \"ASUS\" showing signals ranging from -98 to -74 dBm (\u039424 dBm) within 30s. Strong evidence of evil twin attack.", "interface": "wlan0mon", "signal_range": 24, "min_signal": -98, "max_signal": -74}
{"timestamp": "2025-11-22T01:06:12.954292Z", "alert_type": "wireless", "attack_type": "evil_twin_dual_signal", "severity": "critical", "src_mac": null, "src_vendor": null, "dst_mac": null, "dst_vendor": null, "bssid": "d8:50:e6:5f:97:2c", "bssid_vendor": "ASUSTek COMPUTER INC.", "ssid": "ASUS", "channel": 1, "signal_strength": -78, "frame_count": null, "attack_signature": "DUAL_SIGNAL_PATTERN", "details": "Multiple devices detected: BSSID d8:50:e6:5f:97:2c + SSID \"ASUS\" showing signals ranging from -100 to -78 dBm (\u039422 dBm) within 30s. Strong evidence of evil twin attack.", "interface": "wlan0mon", "signal_range": 22, "min_signal": -100, "max_signal": -78}
{"timestamp": "2025-11-22T01:13:40.018103Z", "alert_type": "wireless", "attack_type": "wep_broadcast_data", "severity": "high", "src_mac": "d8:50:e6:5f:97:2c", "src_vendor": "ASUSTek COMPUTER INC.", "dst_mac": "ff:ff:ff:ff:ff:ff", "dst_vendor": "Broadcast", "bssid": "d8:50:e6:5f:97:2c", "bssid_vendor": "ASUSTek COMPUTER INC.", "ssid": null, "channel": null, "signal_strength": -82, "frame_count": 50, "attack_signature": "WEP_ATTACK", "details": "WEP attack detected: 50 broadcast data frames in 30s (possible ARP replay/injection)", "interface": "wlan0mon"}
{"timestamp": "2025-11-22T01:15:41.136294Z", "alert_type": "wireless", "attack_type": "evil_twin_dual_signal", "severity": "critical", "src_mac": null, "src_vendor": null, "dst_mac": null, "dst_vendor": null, "bssid": "d8:50:e6:5f:97:2c", "bssid_vendor": "ASUSTek COMPUTER INC.", "ssid": "ASUS", "channel": 1, "signal_strength": -78, "frame_count": null, "attack_signature": "DUAL_SIGNAL_PATTERN", "details": "Multiple devices detected: BSSID d8:50:e6:5f:97:2c + SSID \"ASUS\" showing signals ranging from -100 to -78 dBm (\u039422 dBm) within 30s. Strong evidence of evil twin attack.", "interface": "wlan0mon", "signal_range": 22, "min_signal": -100, "max_signal": -78}
{"timestamp": "2025-11-22T01:22:19.163985Z", "alert_type": "wireless", "attack_type": "evil_twin_dual_signal", "severity": "critical", "src_mac": null, "src_vendor": null, "dst_mac": null, "dst_vendor": null, "bssid": "d8:50:e6:5f:97:2c", "bssid_vendor": "ASUSTek COMPUTER INC.", "ssid": "ASUS", "channel": 1, "signal_strength": -78, "frame_count": null, "attack_signature": "DUAL_SIGNAL_PATTERN", "details": "Multiple devices detected: BSSID d8:50:e6:5f:97:2c + SSID \"ASUS\" showing signals ranging from -100 to -78 dBm (\u039422 dBm) within 30s. Strong evidence of evil twin attack.", "interface": "wlan0mon", "signal_range": 22, "min_signal": -100, "max_signal": -78}
{"timestamp": "2025-11-22T01:32:19.675436Z", "alert_type": "wireless", "attack_type": "wep_broadcast_data", "severity": "high", "src_mac": "d8:50:e6:5f:97:2c", "src_vendor": "ASUSTek COMPUTER INC.", "dst_mac": "ff:ff:ff:ff:ff:ff", "dst_vendor": "Broadcast", "bssid": "04:7c:16:aa:bb:2f", "bssid_vendor": null, "ssid": null, "channel": null, "signal_strength": -94, "frame_count": 50, "attack_signature": "WEP_ATTACK", "details": "WEP attack detected: 50 broadcast data frames in 30s (possible ARP replay/injection)", "interface": "wlan0mon"}
{"timestamp": "2025-11-22T01:32:53.301058Z", "alert_type": "wireless", "attack_type": "wep_broadcast_data", "severity": "high", "src_mac": "d8:50:e6:5f:97:2c", "src_vendor": "ASUSTek COMPUTER INC.", "dst_mac": "ff:ff:ff:ff:ff:ff", "dst_vendor": "Broadcast", "bssid": "04:7c:16:aa:bb:2f", "bssid_vendor": null, "ssid": null, "channel": null, "signal_strength": -84, "frame_count": 50, "attack_signature": "WEP_ATTACK", "details": "WEP attack detected: 50 broadcast data frames in 30s (possible ARP replay/injection)", "interface": "wlan0mon"}
{"timestamp": "2025-11-22T01:33:04.546594Z", "alert_type": "wireless", "attack_type": "evil_twin_dual_signal", "severity": "critical", "src_mac": null, "src_vendor": null, "dst_mac": null, "dst_vendor": null, "bssid": "d8:50:e6:5f:97:2c", "bssid_vendor": "ASUSTek COMPUTER INC.", "ssid": "ASUS", "channel": 1, "signal_strength": -78, "frame_count": null, "attack_signature": "DUAL_SIGNAL_PATTERN", "details": "Multiple devices detected: BSSID d8:50:e6:5f:97:2c + SSID \"ASUS\" showing signals ranging from -100 to -78 dBm (\u039422 dBm) within 30s. Strong evidence of evil twin attack.", "interface": "wlan0mon", "signal_range": 22, "min_signal": -100, "max_signal": -78}
{"timestamp": "2025-11-22T01:33:24.039117Z", "alert_type": "wireless", "attack_type": "wep_broadcast_data", "severity": "high", "src_mac": "d8:50:e6:5f:97:2c", "src_vendor": "ASUSTek COMPUTER INC.", "dst_mac": "ff:ff:ff:ff:ff:ff", "dst_vendor": "Broadcast", "bssid": "04:7c:16:aa:bb:2f", "bssid_vendor": null, "ssid": null, "channel": null, "signal_strength": -86, "frame_count": 50, "attack_signature": "WEP_ATTACK", "details": "WEP attack detected: 50 broadcast data frames in 30s (possible ARP replay/injection)", "interface": "wlan0mon"}
{"timestamp": "2025-11-22T01:33:58.569354Z", "alert_type": "wireless", "attack_type": "wep_broadcast_data", "severity": "high", "src_mac": "d8:50:e6:5f:97:2c", "src_vendor": "ASUSTek COMPUTER INC.", "dst_mac": "ff:ff:ff:ff:ff:ff", "dst_vendor": "Broadcast", "bssid": "04:7c:16:aa:bb:2f", "bssid_vendor": null, "ssid": null, "channel": null, "signal_strength": -100, "frame_count": 50, "attack_signature": "WEP_ATTACK", "details": "WEP attack detected: 50 broadcast data frames in 30s (possible ARP replay/injection)", "interface": "wlan0mon"}
{"timestamp": "2025-11-22T01:34:32.605158Z", "alert_type": "wireless", "attack_type": "wep_broadcast_data", "severity": "high", "src_mac": "d8:50:e6:5f:97:2c", "src_vendor": "ASUSTek COMPUTER INC.", "dst_mac": "ff:ff:ff:ff:ff:ff", "dst_vendor": "Broadcast", "bssid": "04:7c:16:aa:bb:2f", "bssid_vendor": null, "ssid": null, "channel": null, "signal_strength": -84, "frame_count": 50, "attack_signature": "WEP_ATTACK", "details": "WEP attack detected: 50 broadcast data frames in 30s (possible ARP replay/injection)", "interface": "wlan0mon"}
{"timestamp": "2025-11-22T01:35:10.606492Z", "alert_type": "wireless", "attack_type": "evil_twin_dual_signal", "severity": "critical", "src_mac": null, "src_vendor": null, "dst_mac": null, "dst_vendor": null, "bssid": "d8:50:e6:5f:97:2c", "bssid_vendor": "ASUSTek COMPUTER INC.", "ssid": "ASUS", "channel": 1, "signal_strength": -72, "frame_count": null, "attack_signature": "DUAL_SIGNAL_PATTERN", "details": "Multiple devices detected: BSSID d8:50:e6:5f:97:2c + SSID \"ASUS\" showing signals ranging from -100 to -72 dBm (\u039428 dBm) within 30s. Strong evidence of evil twin attack.", "interface": "wlan0mon", "signal_range": 28, "min_signal": -100, "max_signal": -72}
{"timestamp": "2025-11-22T01:45:32.801131Z", "alert_type": "wireless", "attack_type": "evil_twin_dual_signal", "severity": "critical", "src_mac": null, "src_vendor": null, "dst_mac": null, "dst_vendor": null, "bssid": "d8:50:e6:5f:97:2c", "bssid_vendor": "ASUSTek COMPUTER INC.", "ssid": "ASUS", "channel": 1, "signal_strength": -76, "frame_count": null, "attack_signature": "DUAL_SIGNAL_PATTERN", "details": "Multiple devices detected: BSSID d8:50:e6:5f:97:2c + SSID \"ASUS\" showing signals ranging from -98 to -76 dBm (\u039422 dBm) within 30s. Strong evidence of evil twin attack.", "interface": "wlan0mon", "signal_range": 22, "min_signal": -98, "max_signal": -76}
{"timestamp": "2025-11-22T01:57:17.555201Z", "alert_type": "wireless", "attack_type": "evil_twin_dual_signal", "severity": "critical", "src_mac": null, "src_vendor": null, "dst_mac": null, "dst_vendor": null, "bssid": "d8:50:e6:5f:97:2c", "bssid_vendor": "ASUSTek COMPUTER INC.", "ssid": "ASUS", "channel": 1, "signal_strength": -78, "frame_count": null, "attack_signature": "DUAL_SIGNAL_PATTERN", "details": "Multiple devices detected: BSSID d8:50:e6:5f:97:2c + SSID \"ASUS\" showing signals ranging from -100 to -78 dBm (\u039422 dBm) within 30s. Strong evidence of evil twin attack.", "interface": "wlan0mon", "signal_range": 22, "min_signal": -100, "max_signal": -78}
{"timestamp": "2025-11-22T02:00:50.547070Z", "alert_type": "wireless", "attack_type": "evil_twin_dual_signal", "severity": "critical", "src_mac": null, "src_vendor": null, "dst_mac": null, "dst_vendor": null, "bssid": "d8:50:e6:5f:97:2c", "bssid_vendor": "ASUSTek COMPUTER INC.", "ssid": "ASUS", "channel": 1, "signal_strength": -78, "frame_count": null, "attack_signature": "DUAL_SIGNAL_PATTERN", "details": "Multiple devices detected: BSSID d8:50:e6:5f:97:2c + SSID \"ASUS\" showing signals ranging from -100 to -78 dBm (\u039422 dBm) within 30s. Strong evidence of evil twin attack.", "interface": "wlan0mon", "signal_range": 22, "min_signal": -100, "max_signal": -78}
