{"timestamp": "2025-11-17T16:43:20.071679Z", "alert_type": "wireless", "attack_type": "wesside_ng", "severity": "critical", "src_mac": "1a:50:72:f8:68:82", "src_vendor": null, "dst_mac": "01:00:5e:00:00:fb", "dst_vendor": "IPv4 DoD Internet Multicast", "bssid": "ee:1c:42:e6:af:3d", "bssid_vendor": null, "ssid": null, "channel": null, "signal_strength": -56, "frame_count": 5, "attack_signature": "WESSIDE_NG", "details": "Wesside-NG attack detected: 5 multicast frames from 1a:50:72:f8:68:82 (automated WEP cracking)", "interface": "wlan0"}
{"timestamp": "2025-11-17T16:43:21.077017Z", "alert_type": "wireless", "attack_type": "tkiptun_ng", "severity": "high", "src_mac": "a2:16:2a:25:cb:0c", "src_vendor": null, "dst_mac": "1a:50:72:f8:68:82", "dst_vendor": null, "bssid": "1a:50:72:f8:68:82", "bssid_vendor": null, "ssid": null, "channel": null, "signal_strength": -40, "frame_count": 1, "attack_signature": "TKIPTUN_NG", "details": "TKIPTUN-NG attack detected: Suspicious QoS data pattern on TKIP network", "interface": "wlan0"}
{"timestamp": "2025-11-17T16:43:21.085534Z", "alert_type": "wireless", "attack_type": "beacon_flood", "severity": "high", "src_mac": "1c:d6:bd:de:b7:a9", "src_vendor": null, "dst_mac": null, "dst_vendor": null, "bssid": "1c:d6:bd:de:b7:a9", "bssid_vendor": null, "ssid": "SmartPlug-b7a9", "channel": 6, "signal_strength": -76, "frame_count": 21, "attack_signature": "MDK3_BEACON_FLOOD", "details": "Beacon flooding detected (MDK3): 21 beacons in 2s from 1c:d6:bd:de:b7:a9 (normal ~10)", "interface": "wlan0"}
{"timestamp": "2025-11-17T16:43:23.093813Z", "alert_type": "wireless", "attack_type": "wesside_ng", "severity": "critical", "src_mac": "1a:50:72:f8:68:82", "src_vendor": null, "dst_mac": "01:00:5e:7f:ff:fa", "dst_vendor": "IPv4 DoD Internet Multicast", "bssid": "76:37:5f:62:31:3a", "bssid_vendor": null, "ssid": null, "channel": null, "signal_strength": -56, "frame_count": 5, "attack_signature": "WESSIDE_NG", "details": "Wesside-NG attack detected: 5 multicast frames from 1a:50:72:f8:68:82 (automated WEP cracking)", "interface": "wlan0"}
{"timestamp": "2025-11-17T16:43:50.994438Z", "alert_type": "wireless", "attack_type": "wesside_ng", "severity": "critical", "src_mac": "1a:50:72:f8:68:82", "src_vendor": null, "dst_mac": "01:00:5e:00:00:fb", "dst_vendor": "IPv4 DoD Internet Multicast", "bssid": "ee:1c:42:e6:af:3d", "bssid_vendor": null, "ssid": null, "channel": null, "signal_strength": -54, "frame_count": 5, "attack_signature": "WESSIDE_NG", "details": "Wesside-NG attack detected: 5 multicast frames from 1a:50:72:f8:68:82 (automated WEP cracking)", "interface": "wlan0"}
{"timestamp": "2025-11-17T16:43:53.945861Z", "alert_type": "wireless", "attack_type": "wesside_ng", "severity": "critical", "src_mac": "1a:50:72:f8:68:82", "src_vendor": null, "dst_mac": "01:00:5e:7f:ff:fa", "dst_vendor": "IPv4 DoD Internet Multicast", "bssid": "76:37:5f:62:31:3a", "bssid_vendor": null, "ssid": null, "channel": null, "signal_strength": -54, "frame_count": 5, "attack_signature": "WESSIDE_NG", "details": "Wesside-NG attack detected: 5 multicast frames from 1a:50:72:f8:68:82 (automated WEP cracking)", "interface": "wlan0"}
{"timestamp": "2025-11-17T16:44:11.797315Z", "alert_type": "wireless", "attack_type": "tkiptun_ng", "severity": "high", "src_mac": "a2:16:2a:25:cb:0c", "src_vendor": null, "dst_mac": "1a:50:72:f8:68:82", "dst_vendor": null, "bssid": "1a:50:72:f8:68:82", "bssid_vendor": null, "ssid": null, "channel": null, "signal_strength": -32, "frame_count": 1, "attack_signature": "TKIPTUN_NG", "details": "TKIPTUN-NG attack detected: Suspicious QoS data pattern on TKIP network", "interface": "wlan0"}
{"timestamp": "2025-11-17T16:44:24.425389Z", "alert_type": "wireless", "attack_type": "wesside_ng", "severity": "critical", "src_mac": "1a:50:72:f8:68:82", "src_vendor": null, "dst_mac": "01:00:5e:7f:ff:fa", "dst_vendor": "IPv4 DoD Internet Multicast", "bssid": "76:37:5f:62:31:3a", "bssid_vendor": null, "ssid": null, "channel": null, "signal_strength": -58, "frame_count": 5, "attack_signature": "WESSIDE_NG", "details": "Wesside-NG attack detected: 5 multicast frames from 1a:50:72:f8:68:82 (automated WEP cracking)", "interface": "wlan0"}
{"timestamp": "2025-11-17T16:44:25.923200Z", "alert_type": "wireless", "attack_type": "evil_twin", "severity": "critical", "src_mac": "7e:37:5f:62:31:3c", "src_vendor": null, "dst_mac": null, "dst_vendor": null, "bssid": "7e:37:5f:62:31:3c", "bssid_vendor": null, "ssid": "Dhiman", "channel": 1, "signal_strength": -56, "frame_count": null, "attack_signature": "EVIL_TWIN", "details": "Evil twin detected: New BSSID 7e:37:5f:62:31:3c for SSID \"Dhiman\" (existing: 1a:50:72:f8:68:82)", "interface": "wlan0"}
{"timestamp": "2025-11-17T16:44:30.247906Z", "alert_type": "wireless", "attack_type": "evil_twin", "severity": "critical", "src_mac": "20:f3:75:31:f2:6b", "src_vendor": null, "dst_mac": null, "dst_vendor": null, "bssid": "20:f3:75:31:f2:6b", "bssid_vendor": null, "ssid": "SASKTEL428", "channel": 11, "signal_strength": -82, "frame_count": null, "attack_signature": "EVIL_TWIN", "details": "Evil twin detected: New BSSID 20:f3:75:31:f2:6b for SSID \"SASKTEL428\" (existing: c0:89:ab:9a:a0:c8)", "interface": "wlan0"}
{"timestamp": "2025-11-17T16:44:42.472921Z", "alert_type": "wireless", "attack_type": "wesside_ng", "severity": "critical", "src_mac": "4c:8b:30:72:7b:6f", "src_vendor": "Actiontec Electronics, Inc", "dst_mac": "01:00:5e:00:00:16", "dst_vendor": "IPv4 DoD Internet Multicast", "bssid": "98:0d:af:4a:bd:05", "bssid_vendor": null, "ssid": null, "channel": null, "signal_strength": -70, "frame_count": 5, "attack_signature": "WESSIDE_NG", "details": "Wesside-NG attack detected: 5 multicast frames from 4c:8b:30:72:7b:6f (automated WEP cracking)", "interface": "wlan0"}
{"timestamp": "2025-11-17T16:50:40.186512Z", "alert_type": "wireless", "attack_type": "beacon_flood", "severity": "high", "src_mac": "1c:d6:bd:de:b7:a9", "src_vendor": null, "dst_mac": null, "dst_vendor": null, "bssid": "1c:d6:bd:de:b7:a9", "bssid_vendor": null, "ssid": "SmartPlug-b7a9", "channel": 9, "signal_strength": -74, "frame_count": 21, "attack_signature": "MDK3_BEACON_FLOOD", "details": "Beacon flooding detected (MDK3): 21 beacons in 2s from 1c:d6:bd:de:b7:a9 (normal ~10)", "interface": "wlan0"}
{"timestamp": "2025-11-17T16:51:54.907997Z", "alert_type": "wireless", "attack_type": "evil_twin", "severity": "critical", "src_mac": "1a:50:72:f8:68:82", "src_vendor": null, "dst_mac": null, "dst_vendor": null, "bssid": "1a:50:72:f8:68:82", "bssid_vendor": null, "ssid": "Dhiman", "channel": 6, "signal_strength": -52, "frame_count": null, "attack_signature": "EVIL_TWIN", "details": "Evil twin detected: New BSSID 1a:50:72:f8:68:82 for SSID \"Dhiman\" (existing: 7e:37:5f:62:31:3c)", "interface": "wlan0"}
{"timestamp": "2025-11-17T16:51:57.159898Z", "alert_type": "wireless", "attack_type": "wesside_ng", "severity": "critical", "src_mac": "4c:8b:30:72:7b:6f", "src_vendor": "Actiontec Electronics, Inc", "dst_mac": "01:00:5e:7f:ff:fa", "dst_vendor": "IPv4 DoD Internet Multicast", "bssid": "98:0d:af:4a:bd:05", "bssid_vendor": null, "ssid": null, "channel": null, "signal_strength": -70, "frame_count": 5, "attack_signature": "WESSIDE_NG", "details": "Wesside-NG attack detected: 5 multicast frames from 4c:8b:30:72:7b:6f (automated WEP cracking)", "interface": "wlan0"}
{"timestamp": "2025-11-17T16:51:57.164678Z", "alert_type": "wireless", "attack_type": "wep_broadcast_data", "severity": "high", "src_mac": "4c:8b:30:72:7b:6f", "src_vendor": "Actiontec Electronics, Inc", "dst_mac": "ff:ff:ff:ff:ff:ff", "dst_vendor": "Broadcast", "bssid": "c0:89:ab:9a:a0:c0", "bssid_vendor": null, "ssid": null, "channel": null, "signal_strength": -70, "frame_count": 25, "attack_signature": "WEP_ATTACK", "details": "WEP attack detected: 25 broadcast data frames in 30s (possible ARP replay/injection)", "interface": "wlan0"}
{"timestamp": "2025-11-17T16:52:18.289533Z", "alert_type": "wireless", "attack_type": "wesside_ng", "severity": "critical", "src_mac": "4c:8b:30:72:7b:6f", "src_vendor": "Actiontec Electronics, Inc", "dst_mac": "01:00:5e:7f:ff:fa", "dst_vendor": "IPv4 DoD Internet Multicast", "bssid": "3c:2c:30:a2:9f:18", "bssid_vendor": null, "ssid": null, "channel": null, "signal_strength": -70, "frame_count": 5, "attack_signature": "WESSIDE_NG", "details": "Wesside-NG attack detected: 5 multicast frames from 4c:8b:30:72:7b:6f (automated WEP cracking)", "interface": "wlan0"}
{"timestamp": "2025-11-17T16:52:27.395566Z", "alert_type": "wireless", "attack_type": "tkiptun_ng", "severity": "high", "src_mac": "b8:3a:9d:7a:a1:ca", "src_vendor": null, "dst_mac": "50:a5:dc:9e:3a:e8", "dst_vendor": null, "bssid": "8c:19:b5:b2:5f:6d", "bssid_vendor": null, "ssid": null, "channel": null, "signal_strength": -80, "frame_count": 1, "attack_signature": "TKIPTUN_NG", "details": "TKIPTUN-NG attack detected: Suspicious QoS data pattern on TKIP network", "interface": "wlan0"}
{"timestamp": "2025-11-17T16:52:32.385677Z", "alert_type": "wireless", "attack_type": "wesside_ng", "severity": "critical", "src_mac": "4c:8b:30:72:7b:6f", "src_vendor": "Actiontec Electronics, Inc", "dst_mac": "01:00:5e:7f:ff:fa", "dst_vendor": "IPv4 DoD Internet Multicast", "bssid": "98:0d:af:4a:bd:05", "bssid_vendor": null, "ssid": null, "channel": null, "signal_strength": -70, "frame_count": 5, "attack_signature": "WESSIDE_NG", "details": "Wesside-NG attack detected: 5 multicast frames from 4c:8b:30:72:7b:6f (automated WEP cracking)", "interface": "wlan0"}
{"timestamp": "2025-11-17T17:27:19.042174Z", "alert_type": "wireless", "attack_type": "beacon_flood", "severity": "high", "src_mac": "1c:d6:bd:de:b7:a9", "src_vendor": null, "dst_mac": null, "dst_vendor": null, "bssid": "1c:d6:bd:de:b7:a9", "bssid_vendor": null, "ssid": "SmartPlug-b7a9", "channel": 5, "signal_strength": -74, "frame_count": 21, "attack_signature": "MDK3_BEACON_FLOOD", "details": "Beacon flooding detected (MDK3): 21 beacons in 2s from 1c:d6:bd:de:b7:a9 (normal ~10)", "interface": "wlan0"}
{"timestamp": "2025-11-17T17:28:47.975289Z", "alert_type": "wireless", "attack_type": "evil_twin", "severity": "critical", "src_mac": "1a:50:72:f8:68:82", "src_vendor": null, "dst_mac": null, "dst_vendor": null, "bssid": "1a:50:72:f8:68:82", "bssid_vendor": null, "ssid": "Dhiman", "channel": 6, "signal_strength": -54, "frame_count": null, "attack_signature": "EVIL_TWIN", "details": "Evil twin detected: New BSSID 1a:50:72:f8:68:82 for SSID \"Dhiman\" (existing: 7e:37:5f:62:31:3c)", "interface": "wlan0"}
{"timestamp": "2025-11-17T17:30:43.372973Z", "alert_type": "wireless", "attack_type": "probe_flood", "severity": "medium", "src_mac": "00:11:22:33:44:55", "src_vendor": "CIMSYS Inc", "dst_mac": null, "dst_vendor": null, "bssid": null, "bssid_vendor": null, "ssid": "TestNetwork", "channel": null, "signal_strength": null, "frame_count": 50, "attack_signature": null, "details": "Probe request flood: 50 probes in 60s from 00:11:22:33:44:55 (SSIDs: TestNetwork)", "interface": "wlan0"}
{"timestamp": "2025-11-17T17:32:14.026957Z", "alert_type": "wireless", "attack_type": "probe_flood", "severity": "medium", "src_mac": "00:11:22:33:44:55", "src_vendor": "CIMSYS Inc", "dst_mac": null, "dst_vendor": null, "bssid": null, "bssid_vendor": null, "ssid": "TestNetwork", "channel": null, "signal_strength": null, "frame_count": 50, "attack_signature": null, "details": "Probe request flood: 50 probes in 60s from 00:11:22:33:44:55 (SSIDs: TestNetwork)", "interface": "wlan0"}
{"timestamp": "2025-11-17T17:36:18.257942Z", "alert_type": "wireless", "attack_type": "deauth_flood", "severity": "high", "src_mac": "7e:37:5f:62:31:3c", "src_vendor": null, "dst_mac": "ff:ff:ff:ff:ff:ff", "dst_vendor": "Broadcast", "bssid": "7e:37:5f:62:31:3c", "bssid_vendor": null, "ssid": null, "channel": null, "signal_strength": null, "frame_count": 10, "attack_signature": "WPA_HANDSHAKE_ATTACK", "details": "Deauthentication flood detected: 10 frames in 5s from 7e:37:5f:62:31:3c (possible WPA handshake capture attempt)", "interface": "wlan0"}
{"timestamp": "2025-11-17T17:36:37.113667Z", "alert_type": "wireless", "attack_type": "wep_broadcast_data", "severity": "high", "src_mac": "4c:8b:30:72:7b:6f", "src_vendor": "Actiontec Electronics, Inc", "dst_mac": "ff:ff:ff:ff:ff:ff", "dst_vendor": "Broadcast", "bssid": "c0:89:ab:9a:a0:c0", "bssid_vendor": null, "ssid": null, "channel": null, "signal_strength": -74, "frame_count": 25, "attack_signature": "WEP_ATTACK", "details": "WEP attack detected: 25 broadcast data frames in 30s (possible ARP replay/injection)", "interface": "wlan0"}
{"timestamp": "2025-11-17T17:48:27.174520Z", "alert_type": "wireless", "attack_type": "wep_broadcast_data", "severity": "high", "src_mac": "4c:8b:30:72:7b:6f", "src_vendor": "Actiontec Electronics, Inc", "dst_mac": "ff:ff:ff:ff:ff:ff", "dst_vendor": "Broadcast", "bssid": "20:f3:75:31:f2:6a", "bssid_vendor": null, "ssid": null, "channel": null, "signal_strength": -70, "frame_count": 25, "attack_signature": "WEP_ATTACK", "details": "WEP attack detected: 25 broadcast data frames in 30s (possible ARP replay/injection)", "interface": "wlan0"}
{"timestamp": "2025-11-17T17:50:27.106082Z", "alert_type": "wireless", "attack_type": "wep_broadcast_data", "severity": "high", "src_mac": "4c:8b:30:72:7b:6f", "src_vendor": "Actiontec Electronics, Inc", "dst_mac": "ff:ff:ff:ff:ff:ff", "dst_vendor": "Broadcast", "bssid": "20:f3:75:31:f2:6a", "bssid_vendor": null, "ssid": null, "channel": null, "signal_strength": -72, "frame_count": 35, "attack_signature": "WEP_ATTACK", "details": "WEP attack detected: 35 broadcast data frames in 30s (possible ARP replay/injection)", "interface": "wlan0"}
{"timestamp": "2025-11-17T17:59:38.275069Z", "alert_type": "wireless", "attack_type": "deauth_flood", "severity": "high", "src_mac": "7e:37:5f:62:31:3c", "src_vendor": null, "dst_mac": "ff:ff:ff:ff:ff:ff", "dst_vendor": "Broadcast", "bssid": "7e:37:5f:62:31:3c", "bssid_vendor": null, "ssid": null, "channel": null, "signal_strength": null, "frame_count": 10, "attack_signature": "WPA_HANDSHAKE_ATTACK", "details": "Deauthentication flood detected: 10 frames in 5s from 7e:37:5f:62:31:3c (possible WPA handshake capture attempt)", "interface": "wlan0"}
